{
  "timestamp": 1777395404.317697,
  "quality_signal": 0.6857058268698195,
  "coupling_score": 0.11284046692607004,
  "cycle_count": 0,
  "god_file_count": 0,
  "hotspot_count": 0,
  "complex_fn_count": 2,
  "max_depth": 3,
  "total_import_edges": 257,
  "cross_module_edges": 232
}